<?xml version="1.0" encoding="UTF-8"?>
<project xmlns="http://maven.apache.org/POM/4.0.0" xmlns:xsi="http://www.w3.org/2001/XMLSchema-instance" xsi:schemaLocation="http://maven.apache.org/POM/4.0.0 http://maven.apache.org/maven-v4_0_0.xsd">
  <modelVersion>4.0.0</modelVersion>
  <groupId>de.interaapps.pastefy</groupId>
  <artifactId>core</artifactId>
  <version>6.0.1</version>
  <build>
    <resources>
      <resource>
        <directory>src/main/resources</directory>
        <includes>
          <include>static/**/*.*</include>
          <include>fonts/**/*.*</include>
          <include>templates/**/*.*</include>
        </includes>
      </resource>
    </resources>
    <finalName>backend</finalName>
    <plugins>
      <plugin>
        <artifactId>maven-compiler-plugin</artifactId>
        <configuration>
          <source>17</source>
          <target>17</target>
        </configuration>
      </plugin>
      <plugin>
        <artifactId>maven-shade-plugin</artifactId>
        <version>3.0.0</version>
        <executions>
          <execution>
            <phase>package</phase>
            <goals>
              <goal>shade</goal>
            </goals>
            <configuration>
              <filters>
                <filter>
                  <artifact>*:*</artifact>
                  <excludes>
                    <exclude>META-INF/*.SF</exclude>
                    <exclude>META-INF/*.DSA</exclude>
                    <exclude>META-INF/*.RSA</exclude>
                  </excludes>
                </filter>
              </filters>
            </configuration>
          </execution>
        </executions>
      </plugin>
      <plugin>
        <artifactId>maven-jar-plugin</artifactId>
        <configuration>
          <archive>
            <manifest>
              <mainClass>de.interaapps.pastefy.Pastefy</mainClass>
              <addDefaultImplementationEntries>true</addDefaultImplementationEntries>
            </manifest>
          </archive>
        </configuration>
      </plugin>
    </plugins>
  </build>
  <repositories>
    <repository>
      <id>jitpack.io</id>
      <url>https://jitpack.io</url>
    </repository>
    <repository>
      <id>ossrh-snapshots</id>
      <url>https://s01.oss.sonatype.org/content/repositories/snapshots</url>
    </repository>
  </repositories>
</project>

