<component name="ProjectRunConfigurationManager">
  <configuration default="false" name="Run CLI" type="Application" factoryName="Application">
    <option name="MAIN_CLASS_NAME" value="de.interaapps.pastefy.Pastefy" />
    <module name="core" />
    <extension name="coverage">
      <pattern>
        <option name="PATTERN" value="de.interaapps.pastefy.*" />
        <option name="ENABLED" value="true" />
      </pattern>
    </extension>
    <method v="2">
      <option name="Make" enabled="true" />
    </method>
  </configuration>
</component>